{
  "best_values": [
    null,
    null,
    3142.413330078125,
    null,
    3325.441650390625,
    null,
    3388.877685546875,
    3297.30859375,
    3365.097412109375,
    3603.372914015906,
    3697.185546875,
    3268.649658203125,
    3427.999267578125,
    3251.406494140625,
    null,
    3109.89697265625,
    null,
    null,
    null,
    3331.199951171875
  ],
  "computation_times": [
    24.041036128997803,
    23.399747133255005,
    22.91458296775818,
    23.377049207687378,
    23.285966157913208,
    23.687638998031616,
    23.202347993850708,
    22.963085174560547,
    23.117530822753906,
    23.899143934249878,
    23.624009132385254,
    25.052559852600098,
    24.253461122512817,
    25.265408039093018,
    23.77559208869934,
    23.825487852096558,
    24.752529859542847,
    23.50495409965515,
    24.15881609916687,
    23.307883977890015
  ],
  "n_feasible": 12,
  "n_components": 4
}