{
  "1": {
    "best_values": [
      3840.227682913662,
      4356.6992230274545,
      null,
      null,
      null,
      3891.5166015625,
      null,
      null,
      null,
      4184.76416015625
    ],
    "computation_times": [
      9.194393873214722,
      9.255146026611328,
      9.358061075210571,
      9.551627159118652,
      9.390780925750732,
      9.211446046829224,
      9.274725675582886,
      9.168269157409668,
      9.421480894088745,
      9.7929527759552
    ],
    "n_feasible": 4
  },
  "2": {
    "best_values": [
      null,
      3617.800537109375,
      null,
      4865.5595703125,
      3710.0537109375,
      3812.36669921875,
      4212.6083984375,
      4748.049746985063,
      3644.255615234375,
      5357.150935950589
    ],
    "computation_times": [
      14.10378122329712,
      14.11863398551941,
      14.173728942871094,
      14.19759488105774,
      14.315355062484741,
      14.399604082107544,
      14.615928888320923,
      14.620765209197998,
      15.09654188156128,
      14.932474136352539
    ],
    "n_feasible": 8
  },
  "4": {
    "best_values": [
      3099.49169921875,
      3079.308837890625,
      3260.9970703125,
      3113.547119140625,
      3138.502685546875,
      3408.189208984375,
      3080.876220703125,
      3263.374267578125,
      3304.157470703125,
      3133.48046875
    ],
    "computation_times": [
      24.354753971099854,
      24.264441967010498,
      24.134537935256958,
      23.068939208984375,
      24.07408905029297,
      23.451439142227173,
      23.227381944656372,
      22.784085988998413,
      23.785731077194214,
      23.1269588470459
    ],
    "n_feasible": 10
  },
  "6": {
    "best_values": [
      3199.92529296875,
      3305.933349609375,
      3236.033203125,
      3286.11181640625,
      3147.2421875,
      3226.511474609375,
      3228.438232421875,
      3285.0947265625,
      3128.93994140625,
      3464.82568359375
    ],
    "computation_times": [
      31.97101330757141,
      34.06604886054993,
      34.389249086380005,
      33.6221821308136,
      33.98308992385864,
      33.911142110824585,
      35.077823877334595,
      33.3967399597168,
      33.53575801849365,
      34.19316577911377
    ],
    "n_feasible": 10
  }
}