{
  "best_values": [
    3111.108154296875,
    3141.0478515625,
    3347.3466796875,
    3159.11865234375,
    3195.87255859375,
    3303.859130859375,
    3316.63525390625,
    3183.88427734375,
    3245.16845703125,
    3211.205322265625,
    3138.89453125,
    3352.498779296875,
    3273.5419921875,
    3214.336669921875,
    3260.047119140625,
    3349.114013671875,
    3451.074462890625,
    3432.15966796875,
    3375.5498046875,
    3363.70166015625
  ],
  "computation_times": [
    23.609165906906128,
    22.90776491165161,
    23.425691843032837,
    23.68686079978943,
    24.365894317626953,
    24.329187154769897,
    24.09391474723816,
    24.275180101394653,
    23.6942298412323,
    23.41516089439392,
    22.83725905418396,
    22.75041103363037,
    23.688454151153564,
    23.49415397644043,
    22.720673084259033,
    22.82362699508667,
    24.741167783737183,
    23.290690660476685,
    23.249089002609253,
    22.77229619026184
  ],
  "n_feasible": 20,
  "n_components": 4
}