{
  "best_values": [
    3247.928955078125,
    3132.292236328125,
    3442.0576171875,
    3392.907470703125,
    3124.687744140625,
    3252.4365234375,
    3198.871337890625,
    3417.506591796875,
    3131.929931640625,
    3178.8486328125,
    3395.5654296875,
    3148.988037109375,
    3285.498046875,
    3093.753662109375,
    3223.99755859375,
    3340.737548828125,
    3197.546630859375,
    3103.8408203125,
    3307.1298828125,
    3488.4423828125
  ],
  "computation_times": [
    63.4910831451416,
    62.632120847702026,
    63.83724069595337,
    66.3669319152832,
    62.61467719078064,
    66.77442908287048,
    57.35958981513977,
    60.46907997131348,
    59.49923396110535,
    58.25268483161926,
    59.34137582778931,
    55.991750955581665,
    59.639750957489014,
    57.17070698738098,
    60.172033071517944,
    57.369746923446655,
    59.3585410118103,
    55.70450806617737,
    57.52895784378052,
    55.70758509635925
  ],
  "n_feasible": 20
}