{
  "best_values": [
    5716.24853515625,
    4282.4267578125,
    3142.413330078125,
    null,
    3325.441650390625,
    3130.47021484375,
    4196.474609375,
    null,
    4030.165771484375,
    4806.62939453125,
    3404.900634765625,
    null,
    3925.2939453125,
    null,
    3154.51611328125,
    3166.8125,
    null,
    3194.158935546875,
    3410.907470703125,
    3331.199951171875
  ],
  "computation_times": [
    26.398213148117065,
    29.22692894935608,
    24.804760932922363,
    27.28562092781067,
    24.422690868377686,
    27.416312217712402,
    24.743916034698486,
    26.643107891082764,
    24.58494806289673,
    25.019287109375,
    24.55722999572754,
    24.975630044937134,
    28.066563844680786,
    27.12578010559082,
    24.484429121017456,
    24.058804035186768,
    24.844010829925537,
    26.74166512489319,
    24.67064380645752,
    24.366420030593872
  ],
  "n_feasible": 15,
  "n_components": 4
}