{
  "best_values": [
    3102.96435546875,
    3132.292236328125,
    3332.7939453125,
    3392.907470703125,
    3124.687744140625,
    3150.56396484375,
    3198.871337890625,
    3417.506591796875,
    3131.929931640625,
    3178.8486328125,
    3358.11279296875,
    3375.54541015625,
    3285.498046875,
    3112.16259765625,
    3322.40087890625,
    3348.901611328125,
    3139.16845703125,
    3103.8408203125,
    3307.1298828125,
    3488.4423828125
  ],
  "computation_times": [
    58.156132221221924,
    63.02337408065796,
    56.86502194404602,
    60.85934400558472,
    62.85744094848633,
    69.52377820014954,
    58.211618185043335,
    65.96797204017639,
    67.8330717086792,
    59.79414391517639,
    62.79535913467407,
    57.13522720336914,
    58.717878103256226,
    56.72031211853027,
    60.212953090667725,
    56.25701284408569,
    61.48940300941467,
    57.56679606437683,
    58.4116108417511,
    56.71569204330444
  ],
  "n_feasible": 20
}