{
  "1": {
    "best_values": [
      null,
      null,
      4581.10400390625,
      null,
      3343.408935546875,
      4047.74609375,
      null,
      null,
      4717.46923828125,
      4184.76416015625
    ],
    "computation_times": [
      9.761710166931152,
      9.450806140899658,
      9.479493856430054,
      11.348042011260986,
      10.849639177322388,
      9.269114971160889,
      10.564738035202026,
      10.236090183258057,
      9.854084253311157,
      9.638151168823242
    ],
    "n_feasible": 5
  },
  "2": {
    "best_values": [
      3947.2001953125,
      4905.90380859375,
      3390.15453047131,
      null,
      null,
      null,
      null,
      4436.9697265625,
      null,
      null
    ],
    "computation_times": [
      15.545111656188965,
      15.400998830795288,
      13.915271282196045,
      14.075282096862793,
      15.720011949539185,
      14.507643222808838,
      14.666837930679321,
      14.722446203231812,
      15.40782880783081,
      15.161115884780884
    ],
    "n_feasible": 4
  },
  "4": {
    "best_values": [
      3099.49169921875,
      3079.308837890625,
      3137.77294921875,
      3239.454833984375,
      3138.502685546875,
      3408.189208984375,
      3266.986083984375,
      3255.50146484375,
      3244.99169921875,
      3133.48046875
    ],
    "computation_times": [
      23.385313034057617,
      25.459288835525513,
      24.57694983482361,
      25.41703701019287,
      23.837505102157593,
      24.401659965515137,
      26.39594578742981,
      23.925302028656006,
      23.978289365768433,
      23.324318885803223
    ],
    "n_feasible": 10
  },
  "6": {
    "best_values": [
      3199.92529296875,
      3301.27490234375,
      3236.033203125,
      3286.116943359375,
      3147.2421875,
      3226.511474609375,
      3228.438232421875,
      3285.0947265625,
      3128.93994140625,
      3260.92333984375
    ],
    "computation_times": [
      36.051076889038086,
      37.31963491439819,
      35.69752502441406,
      35.749855041503906,
      37.74237322807312,
      37.21552014350891,
      42.129509925842285,
      38.15337872505188,
      38.75736212730408,
      36.3512909412384
    ],
    "n_feasible": 10
  }
}