{
  "best_values": [
    3111.108154296875,
    3467.9423828125,
    3347.3466796875,
    3381.57080078125,
    3359.371337890625,
    3303.859130859375,
    3316.63525390625,
    3183.88427734375,
    3333.92724609375,
    3283.46826171875,
    3180.609619140625,
    3352.498779296875,
    3273.5419921875,
    3214.336669921875,
    3260.047119140625,
    3322.45166015625,
    3151.288330078125,
    3182.8193359375,
    3375.5498046875,
    3141.508056640625
  ],
  "computation_times": [
    22.977044105529785,
    23.62445092201233,
    23.395071983337402,
    23.130623817443848,
    25.196492910385132,
    23.960993766784668,
    24.85696792602539,
    24.280867099761963,
    24.14671492576599,
    25.404404163360596,
    23.82747483253479,
    24.54592728614807,
    25.045675039291382,
    24.88140082359314,
    23.986152172088623,
    27.721601963043213,
    29.15799903869629,
    24.75627088546753,
    24.308027267456055,
    25.526756763458252
  ],
  "n_feasible": 20,
  "n_components": 4
}