{
  "best_values": [
    null,
    null,
    null,
    null,
    3061.1355363446414,
    null,
    3005.2208950307745,
    null,
    3005.4189929154636,
    3007.8646925792837,
    null,
    3004.938385487004,
    3084.613197237632,
    3050.184494950734,
    null,
    3057.243482010597,
    null,
    3060.028155660947,
    3004.0692475559395,
    3123.052435423237
  ],
  "computation_times": [
    770.0681059360504,
    742.2752540111542,
    691.8051149845123,
    729.7945199012756,
    605.9456171989441,
    790.3097648620605,
    653.6213781833649,
    671.0864157676697,
    908.6765849590302,
    589.3253800868988,
    773.2926540374756,
    663.5427451133728,
    948.9698700904846,
    729.1956419944763,
    609.358195066452,
    780.5095109939575,
    637.3793661594391,
    596.2392179965973,
    658.4611759185791,
    575.0216619968414
  ],
  "n_feasible": 11,
  "n_components": 4
}