{
  "best_values": [
    null,
    3010.6251470176016,
    null,
    null,
    null,
    null,
    null,
    null,
    null,
    null,
    null,
    null,
    null,
    null,
    3007.7026056141467,
    3099.329917482861,
    null,
    null,
    null,
    null
  ],
  "computation_times": [
    1386.5322930812836,
    2034.812038898468,
    1566.1254708766937,
    1439.106714963913,
    1521.880909204483,
    1536.2680599689484,
    1463.8712749481201,
    1445.172354221344,
    1406.8172669410706,
    1436.4577469825745,
    1828.3645958900452,
    1555.9280428886414,
    1551.2791957855225,
    1594.0110790729523,
    1761.8228600025177,
    1315.1715171337128,
    1491.6153447628021,
    1581.9274010658264,
    1329.4344120025635,
    1377.4655230045319
  ],
  "n_feasible": 3
}