{
  "best_values": [
    null,
    null,
    null,
    null,
    null,
    null,
    null,
    null,
    null,
    null,
    null,
    3457.7695503484547,
    null,
    null,
    null,
    3070.7458746007887,
    null,
    null,
    null,
    null
  ],
  "computation_times": [
    409.20392417907715,
    641.2882041931152,
    368.32440209388733,
    709.2939321994781,
    342.71518635749817,
    384.3633670806885,
    305.2221829891205,
    480.24478697776794,
    486.4426920413971,
    424.12779426574707,
    406.23395824432373,
    308.3806869983673,
    413.0076279640198,
    354.9325759410858,
    656.4126310348511,
    2422.4022130966187,
    340.196161031723,
    342.0180299282074,
    269.7041449546814,
    302.943039894104
  ],
  "n_feasible": 2,
  "n_components": 4
}